Sequence,Date
15-17-18-32-34-43,1-Jan-2020
1-9-10-14-23-37,4-Jan-2020
8-13-16-34-37-42,6-Jan-2020
6-19-20-22-25-38,8-Jan-2020
9-19-34-37-39-47,11-Jan-2020
1-2-13-14-24-38,13-Jan-2020
9-15-22-27-37-40,15-Jan-2020
24-31-41-43-47-49,18-Jan-2020
22-25-27-37-38-40,20-Jan-2020
2-4-14-19-27-30,22-Jan-2020
5-9-16-25-26-43,25-Jan-2020
19-29-35-42-44-49,27-Jan-2020
3-5-22-23-35-42,29-Jan-2020
5-20-31-41-44-49,1-Feb-2020
14-19-26-30-31-45,3-Feb-2020
18-27-36-40-43-49,5-Feb-2020
3-5-9-15-30-47,8-Feb-2020
2-4-15-34-47-49,10-Feb-2020
9-18-21-23-28-40,12-Feb-2020
9-14-21-33-38-49,15-Feb-2020
10-16-25-38-45-46,17-Feb-2020
3-4-13-17-41-48,19-Feb-2020
2-8-9-38-39-45,22-Feb-2020
2-10-13-18-21-42,24-Feb-2020
1-23-24-28-45-48,26-Feb-2020
1-13-14-20-39-41,29-Feb-2020
10-30-32-34-38-47,2-Mar-2020
5-7-16-23-36-37,4-Mar-2020
6-13-29-37-43-48,7-Mar-2020
17-19-28-33-37-42,9-Mar-2020
3-13-14-23-31-48,11-Mar-2020
8-12-17-22-29-35,14-Mar-2020
7-25-26-46-47-48,16-Mar-2020
4-24-29-30-37-43,18-Mar-2020
5-10-25-28-33-36,21-Mar-2020
12-17-18-30-39-45,23-Mar-2020
7-8-10-29-32-33,25-Mar-2020
1-7-16-27-29-40,28-Mar-2020
9-14-30-33-45-47,30-Mar-2020
4-18-24-26-42-44,1-Apr-2020
1-3-15-26-35-43,4-Apr-2020
6-24-33-41-44-49,6-Apr-2020
7-14-16-19-27-49,8-Apr-2020
2-3-11-12-16-28,11-Apr-2020
9-23-26-28-30-48,13-Apr-2020
5-14-16-42-47-49,15-Apr-2020
3-5-13-16-28-34,18-Apr-2020
1-3-5-7-31-39,20-Apr-2020
1-23-25-29-41-45,22-Apr-2020
8-13-15-32-36-38,25-Apr-2020
8-9-11-28-37-43,27-Apr-2020
3-23-26-33-42-45,29-Apr-2020
5-34-38-41-44-45,2-May-2020
2-6-30-31-40-42,4-May-2020
12-14-15-18-31-43,6-May-2020
1-4-13-19-26-30,9-May-2020
5-7-10-15-21-43,11-May-2020
15-18-22-29-43-46,13-May-2020
11-12-16-32-41-45,16-May-2020
16-29-32-33-35-43,18-May-2020
7-10-24-34-37-45,20-May-2020
5-21-23-33-37-42,23-May-2020
6-8-25-35-42-46,25-May-2020
8-24-25-29-33-44,27-May-2020
12-15-29-36-44-49,30-May-2020
12-13-16-18-23-48,1-Jun-2020
4-12-24-28-46-48,3-Jun-2020
7-10-14-25-38-41,6-Jun-2020
9-12-30-38-40-43,8-Jun-2020
7-8-16-41-42-45,10-Jun-2020
4-12-26-31-39-49,13-Jun-2020
12-14-15-25-28-31,15-Jun-2020
12-19-23-32-41-49,17-Jun-2020
4-6-9-32-39-40,20-Jun-2020
2-12-25-26-31-32,22-Jun-2020
3-6-32-39-41-43,24-Jun-2020
3-18-27-32-35-40,27-Jun-2020
5-6-12-17-19-47,29-Jun-2020
9-10-12-19-35-43,1-Jul-2020
4-5-9-29-34-41,4-Jul-2020
7-23-28-35-39-49,6-Jul-2020
29-34-33-36-43-45,8-Jul-2020
6-22-29-41-42-48,11-Jul-2020
2-31-40-41-42-47,13-Jul-2020
7-9-12-13-19-36,15-Jul-2020
10-15-28-32-33-47,18-Jul-2020
13-17-30-33-37-39,20-Jul-2020
16-20-27-30-35-39,22-Jul-2020
9-24-31-35-38-43,25-Jul-2020
5-9-11-19-23-29,27-Jul-2020
7-18-23-31-37-48,29-Jul-2020
7-8-20-24-45-47,1-Aug-2020
12-22-24-27-30-40,3-Aug-2020
7-14-20-30-31-39,5-Aug-2020
10-23-26-29-41-47,8-Aug-2020
7-12-16-33-42-49,10-Aug-2020
4-5-8-24-40-49,12-Aug-2020
6-17-31-32-35-37,15-Aug-2020
17-21-23-26-28-40,17-Aug-2020
8-9-26-32-39-47,19-Aug-2020
7-8-23-26-30-31,22-Aug-2020
4-19-23-29-36-48,24-Aug-2020
3-13-26-29-32-47,26-Aug-2020
7-8-18-20-35-39,29-Aug-2020
4-8-20-25-45-46,31-Aug-2020
9-11-20-26-35-45,2-Sep-2020
10-17-22-29-40-41,5-Sep-2020
2-14-15-28-30-39,7-Sep-2020
5-16-33-40-44-45,9-Sep-2020
1-13-17-31-39-43,12-Sep-2020
2-7-26-28-39-44,14-Sep-2020
1-5-15-19-38-40,16-Sep-2020
13-15-18-21-27-35,19-Sep-2020
12-18-29-31-41-47,21-Sep-2020
6-14-15-20-40-47,23-Sep-2020
1-15-19-21-23-38,26-Sep-2020
9-11-24-25-28-34,28-Sep-2020
9-10-30-32-34-48,30-Sep-2020
7-14-21-33-46-47,3-Oct-2020
7-16-25-37-39-43,5-Oct-2020
7-8-11-33-35-45,7-Oct-2020
15-20-26-31-43-46,10-Oct-2020
9-10-13-21-30-42,12-Oct-2020
14-16-25-35-43-45,14-Oct-2020
7-12-20-25-34-45,17-Oct-2020
4-5-12-13-34-40,19-Oct-2020
3-5-12-17-22-33,21-Oct-2020
13-22-32-39-40-42,24-Oct-2020
4-10-28-31-32-38,26-Oct-2020
3-5-16-18-23-33,28-Oct-2020
4-8-16-20-28-37,31-Oct-2020
6-7-15-30-32-40,2-Nov-2020
5-21-29-36-39-49,4-Nov-2020
3-18-23-26-34-43,7-Nov-2020
6-7-9-11-34-43,9-Nov-2020
5-21-31-35-44-45,11-Nov-2020
6-17-18-23-44-46,14-Nov-2020
6-16-18-27-40-47,16-Nov-2020
3-35-38-43-48-49,18-Nov-2020
6-8-11-14-25-37,21-Nov-2020
14-15-18-34-37-40,23-Nov-2020
11-18-25-35-46-49,25-Nov-2020
5-16-21-23-27-36,28-Nov-2020
15-23-26-28-42-48,30-Nov-2020
14-25-41-42-44-47,2-Dec-2020
8-13-15-17-37-41,5-Dec-2020
3-12-19-39-44-48,7-Dec-2020
4-6-7-27-28-47,9-Dec-2020
5-14-15-17-22-38,12-Dec-2020
16-31-41-42-48-49,14-Dec-2020
10-11-14-24-34-44,16-Dec-2020
1-6-20-35-42-46,19-Dec-2020
4-18-22-28-34-39,21-Dec-2020
2-8-11-12-15-34,23-Dec-2020
1-10-23-24-30-38,26-Dec-2020
7-13-23-35-43-45,28-Dec-2020
2-8-10-14-31-47,30-Dec-2020
,
,
4-7-8-13-22-37,2-Jan-2021
2-16-23-24-30-36,4-Jan-2021
2-12-20-43-46-48,6-Jan-2021
4-28-31-34-36-46,9-Jan-2021
3-8-27-42-45-46,11-Jan-2021
18-20-24-30-37-45,13-Jan-2021
6-11-12-22-41-43,16-Jan-2021
8-13-23-24-25-40,18-Jan-2021
4-10-16-31-37-40,20-Jan-2021
5-12-38-40-43-44,23-Jan-2021
4-9-20-33-40-41,25-Jan-2021
10-20-21-26-37-45,27-Jan-2021
14-18-32-36-37-47,30-Jan-2021
14-15-17-20-29-34,1-Feb-2021
1-2-12-14-17-43,3-Feb-2021
19-22-28-44-45-49,6-Feb-2021
3-5-6-35-36-43,8-Feb-2021
20-24-26-36-45-48,10-Feb-2021
3-6-10-18-22-43,13-Feb-2021
5-19-21-26-35-38,15-Feb-2021
3-20-28-29-35-45,17-Feb-2021
14-16-25-28-31-32,20-Feb-2021
14-21-31-37-38-47,22-Feb-2021
4-24-29-33-35-49,24-Feb-2021
5-19-31-35-46-49,27-Feb-2021
4-8-22-35-39-49,1-Mar-2021
3-20-28-32-36-38,3-Mar-2021
11-12-27-32-42-44,6-Mar-2021
2-10-17-29-42-48,8-Mar-2021
7-22-29-34-39-41,10-Mar-2021
2-6-18-22-37-44,13-Mar-2021
2-15-17-22-23-40,15-Mar-2021
4-27-29-43-46-48,17-Mar-2021
9-25-27-33-39-49,20-Mar-2021
3-19-33-37-42-43,22-Mar-2021
17-25-28-36-37-49,24-Mar-2021
5-11-18-33-46-48,27-Mar-2021
6-7-16-20-31-48,29-Mar-2021
11-15-29-38-39-43,31-Mar-2021
2-3-12-13-20-30,3-Apr-2021
3-10-11-12-34-46,5-Apr-2021
11-14-17-18-22-31,7-Apr-2021
1-22-27-30-31-44,10-Apr-2021
1-8-21-31-32-35,12-Apr-2021
7-10-16-25-47-48,14-Apr-2021
11-22-25-37-41-43,17-Apr-2021
5-11-14-28-33-34,19-Apr-2021
8-10-17-27-32-42,21-Apr-2021
3-20-32-35-37-42,24-Apr-2021
7-11-18-26-30-32,26-Apr-2021
3-5-17-33-35-49,28-Apr-2021
15-25-26-37-48-49,1-May-2021
10-28-33-38-41-42,3-May-2021
9-23-27-31-32-47,5-May-2021
1-8-19-31-46-49,8-May-2021
5-8-18-20-43-48,10-May-2021
10-21-22-30-31-37,12-May-2021
2-13-15-29-42-48,15-May-2021
2-27-28-32-40-49,17-May-2021
6-11-39-41-45-48,19-May-2021
3-22-33-35-36-37,22-May-2021
1-14-19-40-46-47,24-May-2021
5-10-11-17-28-47,26-May-2021
18-19-27-28-40-49,29-May-2021
4-10-20-23-44-46,31-May-2021
6-9-10-12-16-35,2-Jun-2021
9-37-38-39-42-49,5-Jun-2021
4-12-15-22-30-46,7-Jun-2021
16-27-31-38-41-48,9-Jun-2021
12-28-29-30-40-41,12-Jun-2021
12-14-17-18-23-28,14-Jun-2021
15-19-27-33-42-45,16-Jun-2021
5-17-21-24-39-40,19-Jun-2021
9-12-31-33-45-47,21-Jun-2021
13-16-30-32-48-49,23-Jun-2021
3-12-17-23-25-46,26-Jun-2021
4-5-7-18-19-35,28-Jun-2021
6-14-23-24-26-46,30-Jun-2021
1-7-22-31-46-48,3-Jul-2021
4-5-12-13-27-48,5-Jul-2021
5-11-22-35-39-49,7-Jul-2021
17-22-25-29-34-38,10-Jul-2021
2-8-17-22-36-37,12-Jul-2021
6-8-26-29-33-43,14-Jul-2021
2-6-11-20-26-39,17-Jul-2021
4-16-17-28-35-45,19-Jul-2021
6-7-8-12-40-42,21-Jul-2021
7-24-26-27-30-44,24-Jul-2021
7-14-16-22-23-29,26-Jul-2021
1-3-17-29-36-39,28-Jul-2021
6-13-31-41-45-48,31-Jul-2021
5-11-26-35-36-41,2-Aug-2021
5-11-16-23-41-46,4-Aug-2021
3-8-10-24-31-46,7-Aug-2021
4-27-29-32-40-45,9-Aug-2021
5-6-7-37-41-48,11-Aug-2021
5-30-40-44-46-47,14-Aug-2021
10-14-16-21-36-44,16-Aug-2021
6-7-9-21-25-27,18-Aug-2021
16-19-22-24-30-47,21-Aug-2021
7-10-27-29-41-48,23-Aug-2021
9-32-36-45-47-48,25-Aug-2021
1-10-12-13-30-40,28-Aug-2021
9-11-18-34-42-45,30-Aug-2021
4-12-24-28-30-42,1-Sep-2021
1-12-16-39-46-47,4-Sep-2021
4-7-18-24-27-45,6-Sep-2021
2-7-20-25-36-43,8-Sep-2021
3-19-29-30-41-49,11-Sep-2021
12-18-23-29-38-42,13-Sep-2021
2-9-18-21-35-37,15-Sep-2021
9-19-22-26-27-33,18-Sep-2021
2-11-26-39-45-47,20-Sep-2021
6-15-17-22-24-33,22-Sep-2021
10-12-15-17-24-33,25-Sep-2021
3-8-10-37-40-43,27-Sep-2021
3-17-20-21-36-41,29-Sep-2021
15-22-26-30-44-49,2-Oct-2021
6-15-19-24-26-45,4-Oct-2021
6-18-23-24-29-30,6-Oct-2021
12-14-23-34-39-45,9-Oct-2021
2-6-26-32-34-45,11-Oct-2021
20-29-31-36-39-45,13-Oct-2021
2-4-23-39-41-47,16-Oct-2021
9-11-23-24-45-49,18-Oct-2021
8-12-30-35-37-40,20-Oct-2021
3-4-12-14-34-46,23-Oct-2021
2-20-27-46-47-49,25-Oct-2021
11-24-27-32-44-45,27-Oct-2021
6-8-24-27-37-41,30-Oct-2021
7-11-19-20-21-43,1-Nov-2021
19-26-30-33-36-37,3-Nov-2021
10-25-28-31-39-45,6-Nov-2021
8-16-17-23-38-46,8-Nov-2021
10-11-21-29-33-46,10-Nov-2021
1-19-32-37-45-48,13-Nov-2021
7-10-23-39-41-43,15-Nov-2021
1-7-10-36-44-46,17-Nov-2021
21-25-27-33-36-46,20-Nov-2021
4-22-24-34-35-48,22-Nov-2021
13-20-24-26-34-36,24-Nov-2021
13-23-43-44-47-49,27-Nov-2021
4-6-17-24-32-33,29-Nov-2021
4-7-15-17-23-42,1-Dec-2021
8-16-20-31-38-45,4-Dec-2021
6-10-28-34-45-49,6-Dec-2021
21-23-35-41-43-49,8-Dec-2021
7-13-15-24-32-37,11-Dec-2021
9-13-27-29-42-43,13-Dec-2021
4-10-11-34-39-43,15-Dec-2021
6-14-24-27-36-47,18-Dec-2021
2-13-25-36-37-45,20-Dec-2021
11-12-19-20-34-43,22-Dec-2021
17-20-22-29-42-46,25-Dec-2021
6-7-17-35-36-45,27-Dec-2021
8-11-13-33-38-47,29-Dec-2021
,
,
4-14-22-35-45-47,1-Jan-2022
9-20-21-22-26-36,3-Jan-2022
9-12-13-18-20-24,5-Jan-2022
6-31-37-41-42-47,8-Jan-2022
2-4-15-27-35-37,10-Jan-2022
13-16-32-36-40-46,12-Jan-2022
9-30-34-43-45-47,15-Jan-2022
4-21-31-33-39-49,17-Jan-2022
8-9-26-32-35-48,19-Jan-2022
4-10-14-15-22-29,22-Jan-2022
4-15-19-26-37-45,24-Jan-2022
8-17-30-32-33-49,26-Jan-2022
2-9-20-38-39-42,29-Jan-2022
4-7-21-28-33-46,31-Jan-2022
23-28-35-37-38-40,2-Feb-2022
1-4-15-32-40-43,5-Feb-2022
13-35-38-39-41-48,7-Feb-2022
8-11-23-38-41-46,9-Feb-2022
10-22-23-31-42-49,12-Feb-2022
13-15-19-27-30-40,14-Feb-2022
15-16-18-20-32-37,16-Feb-2022
1-12-22-29-32-49,19-Feb-2022
3-13-32-36-40-43,21-Feb-2022
2-13-22-25-35-47,23-Feb-2022
1-10-16-20-23-36,26-Feb-2022
9-18-34-35-38-45,28-Feb-2022
6-8-10-25-28-48,2-Mar-2022
21-23-27-29-46-49,5-Mar-2022
4-5-27-31-37-44,7-Mar-2022
5-23-39-42-47-48,9-Mar-2022
6-24-32-34-44-45,12-Mar-2022
6-15-16-32-42-43,14-Mar-2022
2-14-43-44-45-46,16-Mar-2022
22-28-31-37-42-45,19-Mar-2022
11-26-34-35-40-46,21-Mar-2022
5-11-23-31-33-34,23-Mar-2022
3-5-16-30-43-46,26-Mar-2022
2-4-15-19-26-27,28-Mar-2022
5-12-13-26-28-35,30-Mar-2022
4-17-24-25-31-40,2-Apr-2022
5-8-10-16-22-39,4-Apr-2022
10-13-16-26-33-37,6-Apr-2022
3-11-20-21-22-34,9-Apr-2022
7-14-20-31-32-34,11-Apr-2022
1-2-4-34-42-44,13-Apr-2022
11-14-21-31-33-43,16-Apr-2022
1-2-16-20-43-46,18-Apr-2022
5-10-13-29-39-48,20-Apr-2022
2-7-18-34-36-38,23-Apr-2022
2-31-34-40-42-45,25-Apr-2022
1-17-28-32-41-48,27-Apr-2022
8-15-17-40-42-46,30-Apr-2022
6-10-23-24-32-42,2-May-2022
1-13-14-16-38-47,4-May-2022
4-11-12-17-23-49,7-May-2022
8-9-10-14-22-44,9-May-2022
8-16-29-31-35-48,11-May-2022
13-18-19-22-35-40,14-May-2022
2-19-20-22-41-49,16-May-2022
1-7-17-20-34-43,18-May-2022
10-11-16-34-39-49,21-May-2022
20-24-25-31-33-40,23-May-2022
10-18-22-31-40-49,25-May-2022
16-19-25-26-44-48,28-May-2022
7-19-29-31-37-49,30-May-2022
6-9-10-14-17-49,1-Jun-2022
5-10-18-24-28-33,4-Jun-2022
8-15-30-31-39-42,6-Jun-2022
5-7-9-14-31-34,8-Jun-2022
13-25-26-27-35-36,11-Jun-2022
2-6-16-23-31-34,13-Jun-2022
6-14-19-21-34-45,15-Jun-2022
12-20-33-34-43-46,18-Jun-2022
13-20-23-27-35-42,20-Jun-2022
7-13-15-43-48-49,22-Jun-2022
12-31-34-35-40-46,25-Jun-2022
7-12-34-35-37-48,27-Jun-2022
8-12-16-22-36-44,29-Jun-2022
9-12-15-30-35-39,2-Jul-2022
6-10-18-26-39-42,4-Jul-2022
7-18-29-31-40-43,6-Jul-2022
1-10-23-24-25-32,9-Jul-2022
3-30-35-36-40-41,11-Jul-2022
4-9-12-13-14-41,13-Jul-2022
1-14-19-32-38-49,16-Jul-2022
5-8-11-21-37-38,18-Jul-2022
4-6-13-19-35-49,20-Jul-2022
2-3-8-23-32-38,23-Jul-2022
5-16-18-39-32-36,25-Jul-2022
4-12-41-42-47-49,27-Jul-2022
8-10-22-40-42-45,30-Jul-2022
1-6-12-22-29-30,1-Aug-2022
4-14-18-33-44-46,3-Aug-2022
11-16-21-31-39-48,6-Aug-2022
24-32-35-38-39-47,8-Aug-2022
8-14-18-22-28-46,10-Aug-2022
3-6-35-38-42-48,13-Aug-2022
1-11-31-32-36-39,15-Aug-2022
3-5-14-29-31-39,17-Aug-2022
1-7-13-28-40-45,20-Aug-2022
13-17-20-24-28-42,22-Aug-2022
3-14-21-26-39-45,24-Aug-2022
2-9-17-21-22-31,27-Aug-2022
1-8-16-32-41-49,29-Aug-2022
6-11-20-26-34-39,31-Aug-2022
14-15-39-45-47-48,3-Sep-2022
1-7-15-26-27-46,5-Sep-2022
7-14-22-40-47-49,7-Sep-2022
12-22-33-36-37-45,10-Sep-2022
18-19-27-38-41-44,12-Sep-2022
1-2-3-4-13-37,14-Sep-2022
5-6-11-22-23-38,17-Sep-2022
11-21-28-33-36-39,19-Sep-2022
9-10-14-28-41-42,21-Sep-2022
2-12-20-24-32-45,24-Sep-2022
4-13-21-30-40-49,26-Sep-2022
14-24-26-29-31-32,28-Sep-2022
8-12-16-19-39-41,1-Oct-2022
1-4-26-34-43-49,3-Oct-2022
6-14-18-28-39-44,5-Oct-2022
1-2-36-42-44-45,8-Oct-2022
9-15-21-31-34-39,10-Oct-2022
2-14-25-38-45-46,12-Oct-2022
1-8-9-17-28-38,15-Oct-2022
12-19-25-29-36-37,17-Oct-2022
31-32-33-36-42-49,19-Oct-2022
2-11-13-21-24-46,22-Oct-2022
15-23-34-35-37-49,24-Oct-2022
10-20-42-44-47-49,26-Oct-2022
3-7-9-24-36-37,29-Oct-2022
14-21-26-31-35-49,31-Oct-2022
28-36-37-42-43-49,2-Nov-2022
1-3-5-25-30-41,5-Nov-2022
6-14-35-39-46-47,7-Nov-2022
11-14-18-22-27-32,9-Nov-2022
2-12-20-27-40-49,12-Nov-2022
17-22-24-32-37-43,14-Nov-2022
7-28-39-40-41-44,16-Nov-2022
2-5-10-35-45-48,19-Nov-2022
1-4-6-20-25-29,21-Nov-2022
6-7-8-18-46-49,23-Nov-2022
23-28-35-37-43-46,26-Nov-2022
20-34-39-41-42-44,28-Nov-2022
10-24-26-28-40-47,30-Nov-2022
6-7-10-12-36-38,3-Dec-2022
8-12-21-23-26-32,5-Dec-2022
5-8-9-14-16-32,7-Dec-2022
18-28-38-41-43-48,10-Dec-2022
2-8-16-39-41-49,12-Dec-2022
4-7-29-34-46-49,14-Dec-2022
10-21-23-27-40-44,17-Dec-2022
15-21-24-28-44-49,19-Dec-2022
1-6-27-28-42-48,21-Dec-2022
2-4-26-28-33-35,24-Dec-2022
5-16-19-21-28-47,26-Dec-2022
13-22-27-31-36-43,28-Dec-2022
3-6-19-25-43-48,31-Dec-2022
,
,
8-10-23-24-39-41,2-Jan-2023
4-12-17-25-40-49,4-Jan-2023
3-4-8-24-31-34,7-Jan-2023
20-26-31-34-38-43,9-Jan-2023
6-10-13-21-30-47,11-Jan-2023
11-14-35-37-47-49,14-Jan-2023
2-6-8-23-36-46,16-Jan-2023
2-13-15-18-29-40,18-Jan-2023
2-26-27-30-35-43,21-Jan-2023
8-17-18-21-46-47,23-Jan-2023
7-20-24-38-40-42,25-Jan-2023
8-29-30-36-39-46,28-Jan-2023
2-21-22-30-42-45,30-Jan-2023
2-5-15-29-43-49,1-Feb-2023
20-24-25-33-36-49,4-Feb-2023
11-13-19-20-44-46,6-Feb-2023
2-17-18-23-28-35,8-Feb-2023
2-21-27-30-34-49,11-Feb-2023
12-16-24-26-35-48,13-Feb-2023
8-31-34-35-38-39,15-Feb-2023
13-19-24-26-32-33,18-Feb-2023
20-27-29-31-45-49,20-Feb-2023
1-16-18-27-38-48,22-Feb-2023
6-19-28-43-44-46,25-Feb-2023
4-7-11-13-16-46,27-Feb-2023
4-13-36-40-43-44,1-Mar-2023
2-3-15-19-37-40,4-Mar-2023
1-3-14-26-37-48,6-Mar-2023
2-6-14-15-32-40,8-Mar-2023
8-9-22-30-39-43,11-Mar-2023
1-6-9-29-44-46,13-Mar-2023
2-11-12-22-38-45,15-Mar-2023
7-17-31-35-41-45,18-Mar-2023
5-17-29-31-42-47,20-Mar-2023
5-9-24-28-35-39,22-Mar-2023
2-11-17-34-41-45,25-Mar-2023
8-9-21-27-39-47,27-Mar-2023
3-12-23-26-35-42,29-Mar-2023
4-11-20-29-35-38,1-Apr-2023
11-16-20-25-40-48,3-Apr-2023
1-7-13-20-47-49,5-Apr-2023
24-26-27-36-37-42,8-Apr-2023
5-20-25-42-43-47,10-Apr-2023
10-12-36-39-40-45,12-Apr-2023
3-6-28-29-44-46,15-Apr-2023
3-7-9-12-39-45,17-Apr-2023
24-25-30-36-37-40,19-Apr-2023
2-9-15-22-24-37,22-Apr-2023
13-18-20-22-39-43,24-Apr-2023
6-7-13-25-41-44,26-Apr-2023
11-18-20-27-39-47,29-Apr-2023
5-8-21-27-38-41,1-May-2023
2-16-18-29-30-32,3-May-2023
2-3-10-28-33-41,6-May-2023
9-13-18-22-27-47,8-May-2023
15-25-32-42-47-48,10-May-2023
4-23-26-37-45-47,13-May-2023
5-8-19-29-36-37,15-May-2023
7-21-30-34-43-49,17-May-2023
14-15-23-24-26-28,20-May-2023
3-22-27-38-41-49,22-May-2023
10-11-15-46-47-49,24-May-2023
14-18-23-29-33-39,27-May-2023
12-13-16-29-32-42,29-May-2023
8-11-23-25-27-49,31-May-2023
1-14-22-30-32-36,3-Jun-2023
12-14-25-29-34-49,5-Jun-2023
5-17-24-40-45-46,7-Jun-2023
1-4-9-24-34-38,10-Jun-2023
16-17-35-37-39-43,12-Jun-2023
1-2-18-32-40-49,14-Jun-2023
11-16-25-31-44-45,17-Jun-2023
31-32-33-35-36-45,19-Jun-2023
8-10-18-21-39-46,21-Jun-2023
2-14-31-39-40-42,24-Jun-2023
8-11-14-15-19-42,26-Jun-2023
6-15-17-22-36-37,28-Jun-2023
11-22-36-38-39-45,1-Jul-2023
1-5-20-28-39-45,3-Jul-2023
8-15-32-40-42-47,5-Jul-2023
2-3-16-20-40-47,8-Jul-2023
1-5-16-35-40-45,10-Jul-2023
6-18-26-32-34-44,12-Jul-2023
5-8-12-28-29-38,15-Jul-2023
8-15-39-35-39-46,17-Jul-2023
15-23-27-38-44-46,19-Jul-2023
1-9-23-26-43-46,22-Jul-2023
3-5-6-18-47-49,24-Jul-2023
7-17-27-34-37-41,26-Jul-2023
6-16-33-36-37-43,29-Jul-2023
3-6-19-21-23-49,31-Jul-2023
21-25-33-35-45-46,2-Aug-2023
7-14-23-31-47-49,5-Aug-2023
2-9-14-17-29-47,7-Aug-2023
11-15-26-29-30-35,9-Aug-2023
4-8-16-32-37-43,12-Aug-2023
7-11-19-37-44-45,14-Aug-2023
3-5-11-19-38-45,16-Aug-2023
17-18-19-22-25-36,19-Aug-2023
7-11-23-24-25-36,21-Aug-2023
2-20-23-30-43-48,23-Aug-2023
9-10-23-30-40-46,26-Aug-2023
12-16-23-26-34-45,28-Aug-2023
12-18-21-26-31-42,30-Aug-2023
4-5-6-17-18-19,2-Sep-2023
12-16-17-33-42-44,4-Sep-2023
11-21-25-26-41-43,6-Sep-2023
14-17-20-39-40-43,9-Sep-2023
1-9-14-18-21-44,11-Sep-2023
1-9-10-16-22-24,13-Sep-2023
2-17-26-38-40-45,16-Sep-2023
6-22-27-35-37-46,18-Sep-2023
8-29-31-42-43-45,20-Sep-2023
7-8-12-13-24-48,23-Sep-2023
4-5-19-22-40-47,25-Sep-2023
1-11-16-17-19-48,27-Sep-2023
3-13-22-28-30-40,30-Sep-2023
2-7-11-15-27-40,2-Oct-2023
5-10-18-27-30-42,4-Oct-2023
14-21-27-29-41-48,7-Oct-2023
10-30-31-34-39-41,9-Oct-2023
6-10-15-19-20-48,11-Oct-2023
6-13-20-27-30-32,14-Oct-2023
11-18-19-28-32-40,16-Oct-2023
7-17-25-32-33-44,18-Oct-2023
3-6-25-27-39-43,21-Oct-2023
13-15-17-24-25-35,23-Oct-2023
1-6-8-18-28-39,25-Oct-2023
14-20-37-41-42-46,28-Oct-2023
8-34-40-44-45-46,30-Oct-2023
3-20-21-29-30-44,1-Nov-2023
1-10-19-34-36-40,4-Nov-2023
10-19-31-41-42-49,6-Nov-2023
3-16-26-31-34-41,8-Nov-2023
15-24-29-32-35-42,11-Nov-2023
6-9-10-17-45-48,13-Nov-2023
2-6-10-22-33-41,15-Nov-2023
4-20-24-36-39-45,18-Nov-2023
5-16-28-30-34-38,20-Nov-2023
11-18-28-30-37-45,22-Nov-2023
2-14-29-31-35-49,25-Nov-2023
13-15-22-27-43-46,27-Nov-2023
1-6-25-41-43-47,29-Nov-2023
5-13-14-20-23-39,2-Dec-2023
17-38-42-43-46-49,4-Dec-2023
6-18-22-33-36-47,6-Dec-2023
3-14-16-19-21-33,9-Dec-2023
3-4-21-28-37-40,11-Dec-2023
7-16-39-44-47-49,13-Dec-2023
23-24-27-39-40-42,16-Dec-2023
13-16-18-29-36-38,18-Dec-2023
2-5-10-11-34-39,20-Dec-2023
12-14-19-32-42-45,23-Dec-2023
16-27-28-29-35-36,25-Dec-2023
20-28-33-46-47-48,27-Dec-2023
2-4-23-31-43-45,30-Dec-2023
,
,
3-10-12-37-39-41,1-Jan-2024
11-18-19-31-37-49,3-Jan-2024
1-3-15-32-39-49,6-Jan-2024
9-14-23-29-32-46,8-Jan-2024
1-4-12-15-20-37,10-Jan-2024
9-11-18-20-24-26,13-Jan-2024
8-12-16-20-43-45,15-Jan-2024
9-10-11-32-41-42,17-Jan-2024
1-5-27-31-42-46,20-Jan-2024
10-22-32-36-40-45,22-Jan-2024
3-10-15-25-35-40,24-Jan-2024
9-10-16-21-23-32,27-Jan-2024
1-3-33-39-41-43,29-Jan-2024
6-22-26-30-34-42,31-Jan-2024
17-21-23-30-32-43,3-Feb-2024
16-18-20-22-23-37,5-Feb-2024
3-23-30-35-37-38,7-Feb-2024
3-7-12-24-34-38,10-Feb-2024
17-18-20-23-25-29,12-Feb-2024
12-13-16-31-37-45,14-Feb-2024
15-16-28-30-48-49,17-Feb-2024
8-10-18-20-25-45,19-Feb-2024
7-23-28-39-43-48,21-Feb-2024
14-15-26-33-36-39,24-Feb-2024
1-18-25-32-35-42,26-Feb-2024
3-4-13-30-33-43,28-Feb-2024
4-6-16-31-44-48,2-Mar-2024
10-14-15-23-33-48,4-Mar-2024
4-6-17-25-34-47,6-Mar-2024
8-20-31-37-39-45,9-Mar-2024
1-36-38-41-42-46,11-Mar-2024
3-19-20-22-31-37,13-Mar-2024
9-10-27-37-45-48,16-Mar-2024
2-15-23-29-31-34,18-Mar-2024
6-23-29-35-42-44,20-Mar-2024
3-4-7-27-35-46,23-Mar-2024
19-22-25-39-41-43,25-Mar-2024
8-11-16-28-36-38,27-Mar-2024
3-5-7-11-38-49,30-Mar-2024
2-14-16-19-23-41,1-Apr-2024
3-11-31-33-35-45,3-Apr-2024
26-29-33-35-46-49,6-Apr-2024
7-20-21-25-39-49,8-Apr-2024
6-22-25-36-38-47,10-Apr-2024
10-18-31-34-38-42,13-Apr-2024
1-9-14-16-18-42,15-Apr-2024
1-10-12-19-22-36,17-Apr-2024
6-10-23-24-35-41,20-Apr-2024
5-9-11-17-21-33,22-Apr-2024
16-17-18-19-30-48,24-Apr-2024
16-33-36-37-39-47,27-Apr-2024
2-13-23-29-37-39,29-Apr-2024
8-14-33-41-42-48,1-May-2024
5-10-22-45-47-48,4-May-2024
6-9-15-16-27-35,6-May-2024
12-28-34-36-39-49,8-May-2024
5-6-23-29-36-47,11-May-2024
10-12-18-40-41-45,13-May-2024
23-24-31-38-42-49,15-May-2024
1-5-13-14-26-35,18-May-2024
1-9-11-16-35-40,20-May-2024
2-16-23-33-34-38,22-May-2024
1-14-16-21-33-34,25-May-2024
2-3-18-22-33-49,27-May-2024
7-15-21-23-36-44,29-May-2024
3-12-19-21-34-44,1-Jun-2024
1-16-17-23-33-34,3-Jun-2024
20-35-39-42-44-47,5-Jun-2024
3-16-32-36-39-43,8-Jun-2024
1-9-13-15-20-28,10-Jun-2024
16-24-28-33-37-39,12-Jun-2024
2-7-8-10-23-26,15-Jun-2024
9-13-16-40-47-48,17-Jun-2024
9-14-17-20-38-39,19-Jun-2024
11-18-26-33-38-46,22-Jun-2024
5-12-19-30-32-48,24-Jun-2024
3-6-8-13-30-40,26-Jun-2024
1-13-14-31-45-49,29-Jun-2024
15-16-27-39-40-45,1-Jul-2024
15-21-31-35-43-49,3-Jul-2024
3-4-24-30-33-34,6-Jul-2024
11-15-26-42-45-49,8-Jul-2024
9-21-27-36-45-46,10-Jul-2024
3-5-26-27-41-43,13-Jul-2024
8-24-31-33-42-44,15-Jul-2024
15-27-30-37-38-42,17-Jul-2024
8-27-33-34-41-42,20-Jul-2024
4-6-18-34-41-45,22-Jul-2024
5-9-14-27-31-38,24-Jul-2024
3-7-16-19-28-34,27-Jul-2024
1-4-6-7-32-33,29-Jul-2024
7-31-32-33-38-43,31-Jul-2024
6-11-12-28-40-43,3-Aug-2024
8-12-22-24-43-48,5-Aug-2024
1-8-16-21-36-46,7-Aug-2024
5-18-21-37-38-47,10-Aug-2024
4-25-34-33-36-45,12-Aug-2024
7-13-17-21-39-49,14-Aug-2024
6-9-14-27-29-48,17-Aug-2024
5-18-25-27-34-35,19-Aug-2024
6-7-15-17-19-30,21-Aug-2024
3-5-8-10-30-41,24-Aug-2024
6-7-28-37-43-44,26-Aug-2024
13-20-24-25-37-38,28-Aug-2024
16-21-28-31-40-45,31-Aug-2024
9-31-36-41-47-48,2-Sep-2024
3-11-25-27-36-43,4-Sep-2024
2-5-6-24-32-36,7-Sep-2024
5-25-34-37-47-49,9-Sep-2024
2-10-19-36-38-49,11-Sep-2024
5-9-16-24-38-44,14-Sep-2024
1-6-17-24-28-40,16-Sep-2024
2-12-21-32-33-49,18-Sep-2024
2-13-21-42-43-49,21-Sep-2024
2-5-15-23-36-44,23-Sep-2024
15-16-18-19-33-49,25-Sep-2024
3-9-15-18-29-32,28-Sep-2024
2-6-12-22-36-38,30-Sep-2024
3-20-23-30-34-47,2-Oct-2024
6-7-8-11-17-36,5-Oct-2024
2-18-19-27-28-42,7-Oct-2024
2-5-9-15-25-28,9-Oct-2024
16-18-33-42-43-48,12-Oct-2024
18-20-23-27-38-42,14-Oct-2024
6-14-15-16-19-49,16-Oct-2024
3-12-14-19-26-44,19-Oct-2024
7-13-16-17-27-31,21-Oct-2024
11-13-16-39-41-46,23-Oct-2024
8-12-14-18-29-42,26-Oct-2024
4-16-23-39-40-45,28-Oct-2024
1-2-6-18-38-43,30-Oct-2024
1-13-17-25-33-43,2-Nov-2024
7-17-24-30-31-43,4-Nov-2024
10-16-21-22-24-47,6-Nov-2024
18-21-32-35-39-43,9-Nov-2024
8-13-19-25-27-49,11-Nov-2024
3-31-32-42-45-49,13-Nov-2024
9-10-33-34-36-41,16-Nov-2024
7-9-11-12-23-24,18-Nov-2024
7-10-21-22-40-47,20-Nov-2024
1-3-6-26-27-31,23-Nov-2024
2-10-15-29-38-41,25-Nov-2024
6-8-31-42-44-46,27-Nov-2024
2-18-20-34-45-48,30-Nov-2024
1-6-7-19-46-47,2-Dec-2024
1-16-20-25-33-40,4-Dec-2024
3-17-20-29-40-45,7-Dec-2024
23-26-28-33-36-40,9-Dec-2024
10-21-23-24-33-49,11-Dec-2024
4-5-8-14-25-38,14-Dec-2024
11-19-22-26-31-32,16-Dec-2024
2-10-23-29-32-48,18-Dec-2024
2-4-7-20-27-41,21-Dec-2024
4-6-8-22-28-47,23-Dec-2024
4-5-8-14-17-31,25-Dec-2024
2-19-22-28-30-31,28-Dec-2024
9-15-35-43-45-49,30-Dec-2024
,
,
5-9-23-25-37-44,1-Jan-2025
10-15-21-24-37-48,4-Jan-2025
12-23-25-32-35-48,6-Jan-2025
5-6-17-19-38-40,8-Jan-2025
4-20-21-25-36-41,11-Jan-2025
3-6-27-31-34-44,13-Jan-2025
5-10-18-26-34-48,15-Jan-2025
1-18-24-31-35-47,18-Jan-2025
11-15-18-34-42-47,20-Jan-2025
5-13-16-21-29-42,22-Jan-2025
7-31-32-34-40-42,25-Jan-2025
16-21-22-23-34-37,27-Jan-2025
7-13-24-26-35-41,29-Jan-2025
4-13-25-30-48-49,1-Feb-2025
3-29-31-34-41-42,3-Feb-2025
5-18-25-26-27-30,5-Feb-2025
22-24-27-35-37-46,8-Feb-2025
2-25-29-30-39-40,10-Feb-2025
6-7-11-18-24-48,12-Feb-2025
11-13-18-19-44-49,15-Feb-2025
1-7-12-19-25-44,17-Feb-2025
17-20-32-37-40-43,19-Feb-2025
8-10-11-14-31-44,22-Feb-2025
4-16-23-32-43-44,24-Feb-2025
6-18-20-22-23-32,26-Feb-2025
3-7-15-18-24-41,1-Mar-2025
9-17-20-37-45-49,3-Mar-2025
17-18-25-26-34-35,5-Mar-2025
8-11-19-38-39-47,8-Mar-2025
12-17-21-26-30-42,10-Mar-2025
9-20-21-32-38-44,12-Mar-2025
2-23-30-40-42-43,15-Mar-2025
8-13-19-26-37-39,17-Mar-2025
4-11-12-28-29-43,19-Mar-2025
6-8-11-20-45-49,22-Mar-2025
20-23-35-37-43-44,24-Mar-2025
11-26-32-33-41-48,26-Mar-2025
2-8-21-23-30-45,29-Mar-2025
5-7-12-16-30-40,31-Mar-2025
9-16-23-26-37-44,2-Apr-2025
18-29-32-43-44-47,5-Apr-2025
8-12-21-24-35-44,7-Apr-2025
11-12-20-42-47-49,9-Apr-2025
12-13-29-37-46-49,12-Apr-2025
3-15-23-27-36-39,14-Apr-2025
14-21-24-26-28-37,16-Apr-2025
3-13-20-24-25-45,19-Apr-2025
5-11-14-29-34-41,21-Apr-2025
4-5-18-34-35-49,23-Apr-2025
4-18-32-34-40-44,26-Apr-2025
3-6-15-18-34-37,28-Apr-2025
23-34-39-43-47-49,30-Apr-2025
11-29-31-37-41-48,3-May-2025
4-15-16-33-44-48,5-May-2025
4-6-12-16-26-29,7-May-2025
4-7-11-23-27-36,10-May-2025
6-8-11-15-30-39,12-May-2025
6-7-8-18-38-45,14-May-2025
6-9-19-23-29-38,17-May-2025
9-11-31-41-44-45,19-May-2025
3-7-8-21-28-43,21-May-2025
6-10-23-29-40-49,24-May-2025
9-10-14-30-39-45,26-May-2025
8-21-26-31-36-49,28-May-2025
2-8-11-16-31-47,31-May-2025
1-4-10-23-32-48,2-Jun-2025
10-15-25-27-40-45,4-Jun-2025
5-30-36-38-40-47,7-Jun-2025
8-10-25-33-40-42,9-Jun-2025
8-16-18-42-48-49,11-Jun-2025
7-10-12-20-29-45,14-Jun-2025
5-15-26-32-35-48,16-Jun-2025
4-12-14-39-40-45,18-Jun-2025
4-11-12-30-38-42,21-Jun-2025
6-15-21-24-37-43,23-Jun-2025
6-10-27-33-36-43,25-Jun-2025
20-29-32-37-39-49,28-Jun-2025
9-11-12-15-17-34,30-Jun-2025
3-8-10-23-30-48,2-Jul-2025
11-19-22-39-43-47,5-Jul-2025
1-8-9-15-34-39,7-Jul-2025
13-19-20-25-33-48,9-Jul-2025
13-14-21-28-37-49,12-Jul-2025
4-16-22-25-41-44,14-Jul-2025
3-11-13-16-19-21,16-Jul-2025
7-19-25-37-47-49,19-Jul-2025
2-6-20-33-40-49,21-Jul-2025
1-5-29-41-43-49,23-Jul-2025
2-4-28-31-36-43,26-Jul-2025
9-22-25-27-32-36,28-Jul-2025
5-7-15-25-42-47,30-Jul-2025
6-16-21-23-42-48,2-Aug-2025
7-14-21-38-45-46,4-Aug-2025
6-8-26-38-46-49,6-Aug-2025
9-18-19-21-22-34,9-Aug-2025
5-17-18-23-33-42,11-Aug-2025
2-16-25-35-42-43,13-Aug-2025
4-8-13-16-33-37,16-Aug-2025
12-26-36-37-40-48,18-Aug-2025
5-11-12-19-33-47,20-Aug-2025
3-8-21-26-31-47,23-Aug-2025
11-23-24-28-43-47,25-Aug-2025
1-27-31-39-42-49,27-Aug-2025
3-6-14-31-32-48,30-Aug-2025